date,content,source
2025-04-05 12:09:21,"MSFT, AVGO, or PLTR: Which Tech Stock Is Wall Street’s Most Attractive Pick? - TipRanks",Google News
2025-04-04 23:01:05,Microsoft (MSFT) Price Target Cut to $500 by Jefferies - Yahoo Finance,Google News
2025-04-07 14:20:00,OpenAI considers acquisition of AI device startup: report (MSFT:NASDAQ) - Seeking Alpha,Google News
2025-04-04 13:15:00,Microsoft Rings the Opening Bell in Celebration of 50 years - Nasdaq,Google News
2025-04-04 21:23:06,Scotiabank Bullish on Microsoft (MSFT): Why AI Growth on Azure Could Propel Microsoft in 2025 - Yahoo Finance,Google News
2025-04-04 13:19:16,"Microsoft Halts Data Center Expansions Due To Semiconductor Tariff Concerns, AI Overcapacity Fears - Benzinga",Google News
2025-04-07 13:10:32,"‘Shelter From the Storm,’ Says Investor About Microsoft Stock - TipRanks",Google News
2025-04-06 11:00:00,3 Beaten-Down Tech Stocks to Buy That Have Raised Their Dividends for 15 Years in a Row - Yahoo Finance,Google News
2025-04-07 10:49:00,Microsoft's Wicresoft will cease operations in China amid tariff tensions (MSFT:NASDAQ) - Seeking Alpha,Google News
2025-04-06 15:30:00,Microsoft: The Tech Harbor To Hide Amid The Bruising Trade War (NASDAQ:MSFT) - Seeking Alpha,Google News
2025-03-29 14:57:10,META_TITLE_QUOTE - Yahoo Finance,Google News
2025-03-31 21:45:00,Microsoft (MSFT) Stock Sinks As Market Gains: What You Should Know - Nasdaq,Google News
2025-04-01 08:25:25,Why Microsoft Stock Is Down? MSFT Share Tests 15-Month Low but 2025 Price Predictions Remain Bullish - Finance Magnates,Google News
2025-03-31 19:05:00,"Microsoft Stock Falls Eight Of The Past Nine Weeks; Is MSFT Still A Buy In March, Or Is It A Sell? - Investor's Business Daily",Google News
2025-04-07 14:28:45,"Live Updates: Magnificent 7 Stocks Apple (Nasdaq: AAPL), NVIDIA (Nasdaq: NVDA), and Microsoft (Nasdaq: MSFT) See Share Prices Sink Again Monday - AOL.com",Google News
2025-04-07 13:36:10,Microsoft (MSFT)-Backed Wicresoft to Exit China as Trade Pressures Mount - TipRanks,Google News
2025-04-06 20:42:02,Is Microsoft Corporation (MSFT) the Best Beginner Stock? - Yahoo Finance,Google News
2025-04-03 19:51:00,"Microsoft said to pause, slow down global data center projects: report (MSFT:NASDAQ) - Seeking Alpha",Google News
2025-03-07 08:00:00,Microsoft Corporation (MSFT): Jim Cramer Calls It ‘The Outlier’ Amid AI Concerns” - Yahoo Finance,Google News
2025-03-30 07:00:00,Is Microsoft Corporation (MSFT) Best Stock to Buy for the Next 3 Months? - Yahoo Finance,Google News
2025-04-04 20:33:24,"Sea (SE) and Microsoft (MSFT), PAR Technology (PAR) Shares Plummet, What You Need To Know - Yahoo Finance",Google News
2025-04-04 12:16:21,Here’s What Generation Investment Management Thinks on its Long-Term Holding Microsoft Corporation (MSFT) - Yahoo Finance,Google News
2025-03-17 07:00:00,Why Microsoft Corporation (MSFT) is One of the Best Strong Buy Stocks to Buy Right Now - Yahoo Finance,Google News
2025-04-01 13:00:39,Why Microsoft stock is getting a top-pick stamp from this analyst - Yahoo Finance,Google News
2025-03-31 16:51:35,"Two Veteran Investors Tout AMZN, MSFT - Yahoo Finance",Google News
2025-04-01 22:09:35,Microsoft Corporation (MSFT): Among The Best US Stocks To Buy For Foreign Investors - Yahoo Finance,Google News
2025-04-07 15:10:31,"Microsoft To End China Joint Venture Wicresoft, Axe 2,000 Jobs - Benzinga",Google News
2025-04-07 13:28:45,"Live Updates: Magnificent 7 Stocks Apple (Nasdaq: AAPL), NVIDIA (Nasdaq: NVDA), and Microsoft (Nasdaq: MSFT) See Share Prices Sink Again Monday - 24/7 Wall St.",Google News
2025-04-03 12:27:00,New Analyst Forecast: $MSFT Given 'Reduce' Rating - Nasdaq,Google News
2025-04-05 12:56:00,Microsoft: A Defensive Buy In An Uncertain Tariff Market - Seeking Alpha,Google News
2025-04-07 09:56:26,Wall Street Analysts Are Bullish on Top Technology Picks - The Globe and Mail,Google News
2025-03-26 07:00:00,Microsoft Corporation (MSFT) Price Target Raised to $595—AI Momentum and Strong Financials Fuel Bullish Outlook - Yahoo Finance,Google News
2025-03-25 07:00:00,Is Microsoft Corporation (NASDAQ:MSFT) The Best Stocks to Buy Now For the Long Term? - Yahoo Finance,Google News
2025-03-28 07:00:00,Microsoft Corporation (MSFT) Scales Back Data Centers – Is It a Smart Move or Red Flag for Investors? - Yahoo Finance,Google News
2025-03-24 07:00:00,Is It Worth Investing in Microsoft (MSFT) Based on Wall Street's Bullish Views? - Yahoo Finance,Google News
2025-03-24 07:00:00,Microsoft (MSFT): Among the Tech Stocks to Buy According to Goldman Sachs - Yahoo Finance,Google News
2025-03-25 07:00:00,"Microsoft Corporation (MSFT), Nvidia, and xAI Join Forces to Build $100 Billion AI Infrastructure - Yahoo Finance",Google News
2025-03-30 07:00:00,Top Wall Street analysts are confident about the prospects for these 3 stocks - CNBC,Google News
2025-03-22 07:00:00,Microsoft Corporation (MSFT): Among Stocks Wall Street Is Calling Bullish Amid Market Turmoil - Yahoo Finance,Google News
2025-03-24 07:00:00,Is Microsoft Corporation (NASDAQ:MSFT) The Best Extremely Profitable Stocks to Buy According to Analyst? - Yahoo Finance,Google News
2025-03-24 07:00:00,Is Microsoft Corporation (MSFT) the Best Predictive Analytics Stock to Buy According to Analysts? - Yahoo Finance,Google News
2025-03-26 07:00:00,Microsoft Corporation (MSFT) Stock Gets $520 Target as Analysts Praise Triple-Digit AI Growth - Yahoo Finance,Google News
2025-03-18 07:00:00,Fund Manager Says He’s Buying Microsoft (MSFT) Shares Despite ‘Terrible Chart’ - Yahoo Finance,Google News
2025-03-24 07:00:00,Microsoft (MSFT) and NVIDIA’s AI Partnership to Boost Productivity and Innovation - Yahoo Finance,Google News
2025-03-17 07:00:00,Is Microsoft (MSFT) the Best Software Stock to Buy According to Billionaires? - Yahoo Finance,Google News
2025-04-03 15:24:00,Interesting MSFT Put And Call Options For May 23rd - Nasdaq,Google News
2025-03-11 07:00:00,Should You Buy MSFT Stock At $380? - Forbes,Google News
2025-03-24 07:00:00,Here's Why Microsoft (MSFT) Gained But Lagged the Market Today - Nasdaq,Google News
2025-04-01 16:21:36,"Jim Cramer Was Absolutely Wrong As Nvidia (NVDA), Microsoft (MSFT) and Tesla (TSLA) Shoot Higher Today - 24/7 Wall St.",Google News
2025-03-22 07:00:00,Is Microsoft Corporation (MSFT)The Best Stock to Buy According to Billionaire Ray Dalio? - Yahoo Finance,Google News
2025-04-03 09:00:00,"Microsoft at 50: Its incredible rise, 15 lost years, and stunning comeback - in 4 charts - ZDNET",Google News
2025-03-23 07:00:00,Is Microsoft (MSFT) The Best Robinhood Stock to Buy According to Analysts? - Yahoo Finance,Google News
2025-03-23 07:00:00,"Microsoft Corporation (MSFT): AI, Azure, and the Challenge of Monetizing Innovation - Yahoo Finance",Google News
2025-04-07 08:53:47,"Microsoft venture Wicresoft to halt China operations, lay off staff, report says - TradingView",Google News
2025-04-05 03:01:18,Bill Gates Reflects on Microsoft's Origins and Legacy (MSFT) - GuruFocus,Google News
2025-04-02 13:03:00,"OpenAI surge in users, valuation likely to benefit Microsoft: Jefferies (MSFT:NASDAQ) - Seeking Alpha",Google News
2025-04-03 19:26:41,"AAPL, MSFT, GOOGL: Magnificent 7 Stocks Shed $1 Trillion in Market Cap as Nasdaq Drops 5% - TipRanks",Google News
2025-03-31 18:03:33,Is Microsoft Corporation (MSFT) the Debt Free Halal Stock to Invest in Right Now? - Yahoo Finance,Google News
2025-03-25 07:00:00,MSFT Quantitative Stock Analysis - Warren Buffett - Nasdaq,Google News
2025-03-31 11:27:09,Microsoft (MSFT) Stock Price & Analysis: Is the Giant Ready to Weather Trump's Tariff Storm? - CoinCentral,Google News
2025-03-21 07:00:00,Microsoft Corporation (MSFT) is Attracting Investor Attention: Here is What You Should Know - Yahoo Finance,Google News
2025-03-29 22:25:27,Microsoft (MSFT): The Best Gaming Stock to Invest In According to Billionaires - Yahoo Finance,Google News
2025-04-02 10:27:04,"Tesla Short Interest Soars To 21.16%, Making It 4th Most Shorted Stock Currently: Here's What Its Charts Indicate - Benzinga",Google News
2025-03-17 07:00:00,Is Microsoft Corporation (MSFT) the Top Stock to Buy According to Adage Capital Management? - Yahoo Finance,Google News
2025-03-19 07:00:00,Is Microsoft (MSFT) the Top Stock to Buy According to Marshall Wace LLP? - Yahoo Finance,Google News
2025-04-04 15:54:28,Microsoft (MSFT) Adjusts Global Data Center Expansion Strategy - GuruFocus,Google News
2025-03-31 13:51:56,Microsoft (MSFT) Expands AI-Driven Security Copilot with Six New Agents - Yahoo Finance,Google News
2025-03-29 07:00:00,Microsoft Stock: Too Much Cloud CapEx (NASDAQ:MSFT) - Seeking Alpha,Google News
2025-04-05 02:22:42,Microsoft (MSFT) Maintains Buy Rating Amid AI Growth Prospects - GuruFocus,Google News
2025-02-24 08:00:00,Why Microsoft (MSFT) Stock Is Falling Today - Yahoo Finance,Google News
2025-03-12 07:00:00,Microsoft (MSFT) Rises Higher Than Market: Key Facts - Yahoo Finance,Google News
2025-03-27 07:00:00,Is Microsoft (MSFT) the Top Blue Chip AI Stock to Buy According to Billionaire Cliff Asness? - Yahoo Finance,Google News
2025-04-04 10:00:00,"Google, Amazon Work to Dethrone Microsoft on Federal Contracts - Bloomberg",Google News
2025-03-30 22:53:57,Microsoft Corporation (MSFT): Among the Top Growth Stocks in David Tepper’s Portfolio - Yahoo Finance,Google News
2025-03-11 07:00:00,Microsoft Corporation (MSFT): Stifel Reiterates ‘Buy’ but Lowers Price Target on Capex Concerns - Yahoo Finance,Google News
2025-03-21 07:00:00,Microsoft: A Wide Moat Is Not Enough - Seeking Alpha,Google News
2024-09-20 20:04:28,Home page - Microsoft,Google News
2025-02-27 08:00:00,Jim Cramer Says Microsoft Corporation (MSFT) ‘Has Become A Battleground Stock’ - Yahoo Finance,Google News
2025-03-30 07:00:00,Microsoft Corporation (MSFT): Among Billionaire Ken Fisher’s Top Growth Stock Picks - Yahoo Finance,Google News
2025-04-05 02:42:48,Microsoft (MSFT) Enhances AI Strategy with Focus on Successful I - GuruFocus,Google News
2025-03-11 07:00:00,Microsoft announces quarterly dividend - Stories - Microsoft,Google News
2025-04-01 16:25:40,"‘Load Up the Truck,’ Says RBC about Microsoft Stock (MSFT) - TipRanks",Google News
2025-04-04 12:00:08,Microsoft Stock (MSFT) Presents Discounted Buy Amid AI Growth - GuruFocus,Google News
2025-04-03 17:09:32,"Cramer Said the Market Always Closes Too High Versus the Morning. Watch Apple (AAPL), META (META) and Microsoft (MSFT) Today - 24/7 Wall St.",Google News
2025-03-25 07:00:00,Microsoft Corporation (MSFT) Gets Bullish Nod From Jefferies—Cloud and AI Drive Margin Strength - Yahoo Finance,Google News
2025-03-07 08:00:00,"Microsoft (MSFT) Stock is ‘Range Bound,’ Says Top Analyst - TipRanks",Google News
2025-03-26 07:00:00,Is Microsoft Corporation (MSFT) the Best Roth IRA Stock to Buy According to Analysts? - Yahoo Finance,Google News
2025-02-05 08:00:00,"After Earnings, Is Microsoft Stock a Buy, a Sell, or Fairly Valued? - Morningstar",Google News
2025-03-26 07:00:00,Microsoft Corporation (MSFT): Billionaire’s Quant Hedge Fund’s #3 Stock Pick - Yahoo Finance,Google News
2025-04-03 12:25:11,Here’re the Reasons Why Artisan Global Opportunities Fund Ended Its Investment Campaigns in Microsoft Corporation (MSFT) - Insider Monkey,Google News
2025-04-05 02:30:00,Bill Gates Shares Original Code That Started It All As Microsoft Celebrates 50 Years: 'That Was The Revolution' - Yahoo Finance,Google News
2025-04-01 13:07:10,"Tesla Short Position Now 4th Largest, Trails NVDA, MSFT, AAPL - Yahoo Finance",Google News
2025-03-17 07:00:00,Microsoft Warns Investors: What You Need to Know About TRC's Below-Market Share Offer - Stock Titan,Google News
2025-04-05 04:59:50,"Former Microsoft CEO Steve Ballmer Says Trump's New Tariffs Could Spark Global Turmoil, Hurt Consumers As Satya Nadella-Led MSFT's Stock Drops 14% YTD - Benzinga",Google News
2025-02-25 08:00:00,Is Microsoft Corporation (MSFT) Buying Back Its Stock in 2025? - Yahoo Finance,Google News
2025-03-10 07:00:00,Analyst Says Microsoft (MSFT) CapEx Outlook a Telltale Sign For Nvidia’s Future - Yahoo Finance,Google News
2025-03-13 07:00:00,"Microsoft Corporation (MSFT) Adopts ‘Power First’ Strategy, Eyes Finland for AI Data Centers - Yahoo Finance",Google News
2025-01-30 08:00:00,What's Happening With MSFT Stock? - Forbes,Google News
2025-03-31 18:08:16,"Veteran Investor Is Bullish on NVDA, MSFT, and META - Yahoo Finance",Google News
2025-03-25 07:00:00,Microsoft Corporation (NASDAQ:MSFT): One of Philippe Laffont Stock Portfolio’s Top 10 Stock Picks - Yahoo Finance,Google News
2025-04-07 00:01:00,Microsoft is offering free AI skills training for everyone - how to sign up - ZDNET,Google News
2025-04-05 00:26:00,Microsoft employees protest at 50th anniversary party over Israel contract - AP News,Google News
2025-04-07 08:57:38,"Microsoft venture Wicresoft to halt China operations, lay off staff, report says - Reuters",Google News
2025-04-07 14:26:00,"Microsoft joint venture Wicresoft to lay off 2,000 employees in China - Times of India",Google News
2025-04-07 13:30:12,"Microsoft joint venture Wicresoft halts projects in China, lays off workers - South China Morning Post",Google News
2025-04-07 15:00:00,How to disable ‘Save As’ to OneDrive in Microsoft 365 apps - PCWorld,Google News
2025-04-07 06:00:00,Latest Windows 10 update reveals more bad news for Microsoft's operating system - Daily Express,Google News
2025-04-05 13:07:30,Microsoft Warns 240 Million Windows Users—Stop Using Your PC - Forbes,Google News
2025-04-07 15:18:00,Microsoft is removing yet another years-old feature in Windows 10 - PCWorld,Google News
2025-04-06 19:00:40,Microsoft Hooked the Government on Its Products With Freebies. Could Elon Musk’s Starlink Be Doing the Same? - Gizmodo,Google News
2025-04-05 00:11:00,Microsoft AI chief Suleyman sees advantage in building models ‘3 or 6 months behind’ - CNBC,Google News
2025-04-05 00:28:00,How Microsoft's AI chief measures consumer inroads for Copilot - Reuters,Google News
2025-04-04 16:30:00,Microsoft’s Copilot can now browse the web and perform actions for you - TechCrunch,Google News
2025-04-02 20:11:19,Celebrating 50 years of Microsoft | Bill Gates - gatesnotes.com,Google News
2025-04-05 15:50:00,"Microsoft Credits EncryptHub, Hacker Behind 618+ Breaches, for Disclosing Windows Flaws - The Hacker News",Google News
2025-04-07 01:19:51,"Microsoft unveils AI-generated demo 'inspired' by Quake 2 that runs worse than Doom on a calculator, made me nauseous, and demanded untold dollars, energy, and research to make - PC Gamer",Google News
2025-04-04 20:00:00,WHAMM! Real-time world modelling of interactive environments. - Microsoft,Google News
2025-04-07 04:43:00,'You're a war profiteer': Pro-Palestinian protesters disrupt Microsoft anniversary event - The Jerusalem Post,Google News
2025-04-07 14:46:00,"I tested Microsoft’s new Copilot features. 2 have big potential—the others, meh - PCWorld",Google News
2025-04-04 09:00:00,Microsoft turns 50: A look back at everything from the Altair to the Zune - NPR,Google News
2025-04-06 13:55:42,‘Quake II’ Review (Microsoft AI Co-Pilot Edition): A Modern Tragedy - Forbes,Google News
2025-04-02 18:14:07,M4 Macbook Air Vs Microsoft Surface Laptop Is Embarrassing - Fstoppers,Google News
2025-04-04 14:56:15,Microsoft flag flies atop Space Needle to celebrate company’s 50th anniversary - GeekWire,Google News
2025-04-07 10:01:00,Legal clock ticking for Microsoft over alleged software license abuses - theregister.com,Google News
2025-04-04 19:38:07,Celebrating Microsoft’s 50 years - The Official Microsoft Blog,Google News
2025-04-04 21:35:38,"Microsoft, turning 50, dials up Copilot actions to stay in AI game - Reuters",Google News
2025-04-03 16:00:00,Threat actors leverage tax season to deploy tax-themed phishing campaigns - Microsoft,Google News
2025-04-06 02:51:26,Introducing the Llama 4 herd in Azure AI Foundry and Azure Databricks - Microsoft Azure,Google News
2025-04-02 15:08:14,15 milestones that shaped Microsoft's vision for AI - Microsoft,Google News
2025-04-04 16:30:00,New capabilities in Azure AI Foundry to build advanced agentic applications - Microsoft Azure,Google News
2025-04-02 21:13:44,Microsoft 50th Anniversary + Copilot event - Microsoft,Google News
2025-04-07 08:37:04,Indian-origin employee’s email to colleagues after disrupting Microsoft event: ‘Decided to leave company’ - Hindustan Times,Google News
2025-04-04 16:30:00,Microsoft gives Copilot its own memory in new push to personalize its AI assistant - GeekWire,Google News
2025-04-07 08:30:55,Indian-origin techie who disrupted Microsoft event explains why she quit - Business Standard,Google News
2025-04-05 09:25:07,Microsoft employees disrupt 50th anniversary party over Israel contract - Middle East Eye,Google News
2025-04-04 17:59:00,Microsoft's AI division head wants to create a lasting relationship between chatbots and their users - AP News,Google News
2025-04-04 13:23:04,Microsoft is now 50 years old - The Verge,Google News
2025-04-07 04:59:00,No joke: Microsoft foolishly published inaccurate price list on April 1st - theregister.com,Google News
2025-04-07 10:34:06,"Microsoft AI boss confirms development of ""off-frontier"" AI models, but they'll be 3 or 6 months behind OpenAI: ""Our strategy is to really play a very tight second"" - Windows Central",Google News
2025-04-06 16:10:24,"Microsoft releases AI-generated Quake II demo, but admits ‘limitations’ - TechCrunch",Google News
2025-04-07 03:54:02,"Who Is Vaniya Agrawal, Microsoft Employee Who Publicly Resigned After Disrupting Satya Nadella's Speech - Times Now",Google News
2025-04-04 20:21:32,Pro-Palestinian protester interrupts Microsoft AI CEO during event - NBC News,Google News
2025-04-03 15:08:30,Windows wallpapers worth celebrating - Windows Blog,Google News
2025-04-04 19:37:00,"Tariffs are tanking tech stocks, so why is Microsoft escaping the worst of the bloodbath? - Fortune",Google News
2025-04-04 16:30:00,Microsoft Copilot AI Launch Interrupted by Pro-Palestinian Protesters - Variety,Google News
2025-04-03 14:08:23,Interview: Microsoft CEO Satya Nadella on the tech giant’s 50th anniversary — and what's next - GeekWire,Google News
2025-04-04 10:53:31,Microsoft steps back from data center developments globally - report - Data Center Dynamics,Google News
2025-04-04 19:37:49,"Microsoft turns 50 today, and it made me think about MS-DOS 5.0 - Ars Technica",Google News
2025-04-05 02:07:00,Microsoft AI CEO's remarks interrupted by pro-Palestinian protester - Reuters,Google News
2025-04-04 12:00:01,"As Microsoft turns 50, Nadella sees future success built on ability to 'win the new' - CNBC",Google News
2025-04-03 23:00:00,Microsoft founder Bill Gates reflects upon a 50-year-old computer code that reshaped technology - AP News,Google News
2025-04-07 04:35:48,"Indian-American engineer disrupts Microsoft event, confronts Satya Nadella, Bill Gates: ‘Shame on you' - Hindustan Times",Google News
2025-04-05 06:04:22,Pro-Palestinian protesters interrupt Microsoft’s 50th anniversary event - Al Jazeera,Google News
2025-04-03 17:39:00,Microsoft Warns of Tax-Themed Email Attacks Using PDFs and QR Codes to Deliver Malware - The Hacker News,Google News
2025-04-02 15:00:00,Introducing agent flows: Transforming automation with AI-first workflows - Microsoft,Google News
2025-04-04 16:46:52,Vibe coding with GitHub Copilot: Agent mode and MCP support rolling out to all VS Code users - Microsoft Azure,Google News
2025-04-04 16:30:36,Microsoft unveils AI assistant with ‘memory’ - Financial Times,Google News
2025-04-03 08:01:03,Microsoft - BDS Movement,Google News
2025-04-07 13:30:00,Copilot Just Got Eight Major Upgrades - Lifehacker,Google News
2025-04-04 15:11:00,Microsoft just turned 50. Here's a look at an iconic 1978 photo of its first employees and where they are now - Fortune,Google News
2025-04-07 10:37:02,"Microsoft Copilot just generated an AI version of one of the most iconic shooters of all time, and you can play it for free - TechRadar",Google News
2025-04-05 09:00:00,Microsoft Hooked the Government on Its Products With Freebies. Could Elon Musk’s Starlink Be Doing the Same? - ProPublica,Google News
2025-04-03 16:30:32,Deprecating window.external.getHostEnvironmentValue() - Windows Blog,Google News
2025-04-05 18:23:54,Microsoft has created an AI-generated version of Quake - The Verge,Google News
2025-04-03 20:43:18,Something's Gone Wrong With Microsoft's Huge AI Data Center Investments - Futurism,Google News
2025-04-02 16:14:13,Maximize productivity and ROI with Windows 365: New innovations now generally available - Windows Blog,Google News
2025-04-04 22:10:01,'Shame on you all': Microsoft anniversary celebration interrupted by protesters - USA Today,Google News
2025-04-07 10:57:11,"Microsoft unveils Quake 2 ""inspired"" AI-created demo, but it's practically unplayable - Eurogamer",Google News
2025-04-04 14:30:00,Why I’ve covered Microsoft for 25 years - The Verge,Google News
2025-04-04 12:46:00,Microsoft’s guidance for non-upgradeable Windows 10 PCs is inadequate - PCWorld,Google News
2025-04-04 21:04:26,"Former Microsoft CEO Steve Ballmer says, as shareholder, tariffs are 'not good' - CNBC",Google News
2025-04-04 17:22:46,Microsoft employee disrupts 50th anniversary and calls AI boss ‘war profiteer’ - The Verge,Google News
2025-03-24 07:00:00,Microsoft unveils Microsoft Security Copilot agents and new protections for AI - Microsoft,Google News
2025-04-03 16:41:00,Microsoft could be reassessing its AI plans while pulling back on data centers - Quartz,Google News
2025-04-04 16:30:00,Microsoft Copilot can now use the web on your behalf - The Verge,Google News
2025-04-04 17:17:15,"Protester interrupts Microsoft Copilot keynote, says company has ‘blood on its hands’ - TechCrunch",Google News
2025-04-03 14:48:12,Microsoft Pulls Back on Data Centers From Chicago to Jakarta - Bloomberg,Google News
2025-04-03 18:45:48,Microsoft reportedly pulls back on its data center plans - TechCrunch,Google News
2025-03-25 07:00:00,Introducing Researcher and Analyst in Microsoft 365 Copilot - Microsoft,Google News
2025-04-04 14:18:06,Here’s the original source code for Microsoft’s very first product - The Verge,Google News
2025-04-04 16:13:00,US authors’ copyright lawsuits against OpenAI and Microsoft combined in New York with newspaper actions - The Guardian,Google News
2025-04-04 16:30:00,Microsoft updates Copilot with the greatest hits from other AIs - The Verge,Google News
2025-04-07 10:30:00,"Microsoft Created A Demo Of Quake II Using AI, And It's Gone About As Well As You'd Expect - Time Extension",Google News
2025-04-04 22:53:14,Microsoft 50th Anniversary Copilot Event recap — all the big AI news and announcements - Tom's Guide,Google News
2025-04-03 18:13:15,"BDS calls for Boycott of Microsoft Game Pass, Minecraft, New Xbox Consoles - Drop Site News",Google News
2025-04-05 00:17:00,Microsoft turns 50 - The Verge,Google News
2025-04-07 06:35:31,Microsoft Criticized For Releasing an AI-Generated Quake 2 Clone - 80 Level,Google News
2025-04-03 19:52:48,So BASIC: Bill Gates Releases Microsoft's Original Source Code - PCMag,Google News
2025-04-02 13:00:01,"Amazon, Alaska, Costco, Microsoft, Nordstrom asking Washington to skip payroll, wealth tax - KOMO",Google News
2025-04-03 13:56:08,Microsoft’s miniature Windows 365 Link PC is available to buy now - The Verge,Google News
2025-04-07 03:15:38,"'How dare you?': Indian-origin techie confronts Microsoft bosses, quits over Gaza - India Today",Google News
2025-04-04 19:55:15,Microsoft brings Copilot Vision to Windows and mobile for AI help in the real world - The Verge,Google News
2025-04-03 15:38:00,Microsoft CTO breaks down how he sees software developer jobs evolving in the next 5 years - Business Insider,Google News
2025-04-04 10:30:00,"Every Microsoft Windows operating system, ranked - PCWorld",Google News
2025-04-04 22:26:30,Microsoft 50th Anniversary Copilot Event live – we're on the ground with all the latest news - TechRadar,Google News
2025-04-04 18:30:06,LIVE at Microsoft 50th Anniversary Copilot Event: The latest AI announcements from Redmond - Windows Central,Google News
2025-04-04 18:13:08,BDS calls for boycott of Microsoft and Xbox gaming products over alleged Israeli military connections - Rock Paper Shotgun,Google News
2025-03-31 17:16:27,"Expanding Copilot+ PC experiences across AMD, Intel and Snapdragon powered devices - Windows Blog",Google News
2025-04-06 17:49:06,"‘Shame on you’: Indian-American Microsoft engineer Vaniya Agarwal confronts Gates, Nadella over AI use by Israel in Gaza - Mint",Google News
2025-04-04 19:06:01,Microsoft birthday celebration interrupted by employees protesting use of AI by Israeli military - CNBC,Google News
2025-04-04 19:36:22,What’s new in Power Apps: March 2025 Feature Update - Microsoft,Google News
2025-04-04 21:57:48,Anti-Israel protester interrupts Microsoft’s 50th anniversary party over AI contract - The Times of Israel,Google News
2025-04-07 14:51:50,'Magnificent 7' stocks continue getting hammered as Trump tariffs drag markets lower - Yahoo Finance,Google News
2025-04-04 18:38:00,"Magnificent Seven Stocks Watch: Nvidia, Tesla Sell Off - Investor's Business Daily",Google News
2025-04-02 11:15:00,"How Much Further Can the ""Magnificent Seven"" Fall? Here's What History Suggests. - Yahoo Finance",Google News
2025-04-01 13:55:00,Is it the Right Time to Invest in Microsoft Stock as Copilot+ Grows? - Yahoo Finance,Google News
2025-03-31 07:05:00,Billionaire Stanley Druckenmiller Sells Microsoft Stock and Buys a Brilliant Stock Up 334% in 5 Years - The Motley Fool,Google News
2025-03-13 07:00:00,Analyst overhauls Microsoft stock price target amid potential AI pivot - TheStreet,Google News
2025-03-21 07:00:00,Microsoft Stock (MSFT) Narrowly Avoids Eight-Week Losing Streak - TipRanks,Google News
2025-03-26 07:00:00,Microsoft stock drops from news of abandoned data center projects - Yahoo Finance,Google News
2025-03-26 07:00:00,MSFT stock price today: Microsoft stock drops on data center news - Markets.com,Google News
2025-03-06 08:00:00,Microsoft (MSFT) Stock Moves -1.03%: What You Should Know - Nasdaq,Google News
2025-03-24 07:00:00,Top Analyst Says Microsoft Stock’s (MSFT) Valuation Seems Attractive - TipRanks,Google News
2025-03-29 00:28:06,No More Passwords? Microsoft Stock (NASDAQ:MSFT) Plunges on Paradigm Shift - markets.businessinsider.com,Google News
2025-03-07 08:00:00,"Microsoft Stock Is ‘Likely Range Bound,’ for Now, Analyst Says. It’s All About Capex. - Barron's",Google News
2025-03-14 07:00:00,Microsoft Corporation (NASDAQ:MSFT) Upgraded to ‘Buy’ as AI Investment Strategy Gains Traction - Yahoo Finance,Google News
2025-03-21 07:00:00,Microsoft (MSFT) and Chipotle (CMG) Hit Yearly Lows. Are They Stocks To Buy Now? - 24/7 Wall St.,Google News
2025-03-26 15:01:17,Microsoft Corporation (MSFT) Stock Gets $520 Target as Analysts Praise Triple-Digit AI Growth - Insider Monkey,Google News
2025-03-28 07:00:00,Microsoft’s Big Malaysia Bet Could Pay Off for Investors - MarketBeat,Google News
2025-03-24 07:00:00,"Tesla, Amazon, and Microsoft stock have this brutal trend in common - Yahoo Finance",Google News
2025-03-24 07:00:00,Is Microsoft Corporation (MSFT) the Top Stock to Buy According to XN Exponent Advisors LLC? - Yahoo Finance,Google News
2025-02-28 08:00:00,Why Is Microsoft (MSFT) Down 5.4% Since Last Earnings Report? - Yahoo Finance,Google News
2025-04-04 21:23:49,Scotiabank Bullish on Microsoft (MSFT): Why AI Growth on Azure Could Propel Microsoft in 2025 - Insider Monkey,Google News
2025-02-16 08:00:00,Why Did UBS Set a $510 Target for Microsoft (MSFT) Stock? - Yahoo Finance,Google News
2025-03-13 07:00:00,"Microsoft (MSFT) Stock: ""Shelter in the Storm"" With New Upgrade & $450 Target - CoinCentral",Google News
2025-02-11 08:00:00,Microsoft Corporation (MSFT) Among 10 Unrivaled Stocks of the Next 5 Years - Yahoo Finance,Google News
2025-02-05 08:00:00,Is Microsoft (MSFT) the Best Big Tech Stock to Buy According to Analysts? - Yahoo Finance,Google News
2025-03-05 08:00:00,Microsoft Corporation (MSFT): Among the Best Stocks To Invest In According to Billionaires - Yahoo Finance,Google News
2025-02-27 08:00:00,"MSFT Trips Below Key Price Level, Down Almost 7% Year To Date; Is Microsoft Stock A Buy In February? - Investor's Business Daily",Google News
2025-03-26 07:00:00,AI infrastructure stocks fall as Microsoft scraps some data center plans - Seeking Alpha,Google News
2025-03-27 01:17:21,Microsoft Stock (MSFT) Sinks Lower After Scrapping Data Center Projects in the U.S. and Europe - markets.businessinsider.com,Google News
2025-03-31 18:05:40,"Microsoft Corporation: NASDAQ MSFT stock price prediction, new and analysis - Markets.com",Google News
2025-04-02 16:30:48,1 Outstanding AI Stock That Is a Bargain Buy Right Now - TradingView,Google News
2025-03-04 08:00:00,Temporary Setback Opens Door for Buy-The-Dip Idea on Microsoft (MSFT) Stock - TipRanks,Google News
2025-03-19 07:00:00,Is Microsoft Corporation (MSFT) a Stock That Members of Congress Own? - Insider Monkey,Google News
2025-04-01 12:47:57,Tech Sell-Off Makes Microsoft Stock Look Like a Steal - MarketBeat,Google News
2025-01-13 08:00:00,Microsoft (MSFT) Stock Falls Amid Market Uptick: What Investors Need to Know - Nasdaq,Google News
2025-04-05 17:00:00,Is Microsoft’s Data Center Slowdown A Strong ‘Sell’ Signal For This Data Center Stock? - Barchart.com,Google News
2025-03-19 07:00:00,"Microsoft, Google, Oracle Deepen Nvidia Partnerships. This Stock Got the Biggest GTC Boost. - Barron's",Google News
2025-04-04 18:09:00,"Nasdaq 100: Tariffs Slam Tech Stocks—Apple, Microsoft, Tesla Lead Index Decline - FXEmpire",Google News
2025-03-20 07:00:00,Analysts revisit Microsoft stock price target after shares slump - TheStreet,Google News
2025-03-25 07:00:00,Should You Buy Microsoft Stock on the Dip? - Nasdaq,Google News
2025-03-31 13:45:34,Microsoft stock touches 52-week low at $371.46 amid market shifts - Investing.com,Google News
2025-03-13 07:00:00,Microsoft has been the worst Big Tech stock lately. Here’s why it may become the best. - MarketWatch,Google News
2025-03-20 07:00:00,Microsoft Stock Has Been Getting Pounded. Why One Analyst Calls It a ‘Table-Pounder’ Pick to Buy Now. - Barron's,Google News
2025-04-06 11:00:00,3 Beaten-Down Tech Stocks to Buy That Have Raised Their Dividends for 15 Years in a Row - The Motley Fool,Google News
2025-04-04 09:47:00,"2 ""Magnificent Seven"" Stocks Down 19% and 25% You'll Wish You'd Bought on the Dip - The Motley Fool",Google News
2025-03-28 07:00:00,No More Passwords? Microsoft Stock (NASDAQ:MSFT) Plunges on Paradigm Shift - TipRanks,Google News
2025-04-04 02:21:15,"AAPL, MSFT, GOOGL: Magnificent 7 Stocks Shed $1 Trillion in Market Cap as Nasdaq Drops 5% - markets.businessinsider.com",Google News
2025-03-29 13:06:00,"Microsoft Stock: Innovation Spurs Its 100,000% Return - Kiplinger",Google News
2025-03-04 08:00:00,Microsoft’s stock is at its lowest level in over a year. Why the selloff may be overdone. - MarketWatch,Google News
2025-03-25 07:00:00,Should You Buy Microsoft Stock on the Dip? - The Motley Fool,Google News
2025-04-06 21:39:32,"Meet the CEO of Microsoft Satya Nadella: Discover His Net Worth, Ethnicity, Leadership Style and Personal Life - BBN Times",Google News
2025-03-22 07:00:00,Microsoft Stock Down Seven Weeks In A Row - 24/7 Wall St.,Google News
2025-03-16 07:00:00,Better Artificial Intelligence (AI) Stock: Palantir Technologies vs. Microsoft - The Motley Fool,Google News
2025-03-29 10:31:56,Why Piper Sandler says Microsoft stock could gain after recent dip - Investing.com,Google News
2025-04-06 05:46:00,Satya Nadella shares when 3 Microsoft CEOs walk into a room on Microsoft’s 50th anniversary and get inter - Times of India,Google News
2025-03-13 07:00:00,Microsoft Stock Gets an Upgrade. Why It’s a ‘Key Shelter in the Storm.’ - Barron's,Google News
2025-03-23 07:00:00,Should You Buy The Dip In Microsoft Stock In March 2025? - Barchart.com,Google News
2025-02-25 08:00:00,Is Microsoft Stock Too Expensive To Buy At $400? - Forbes,Google News
2025-01-24 08:00:00,"Going Into Earnings, Is Microsoft Stock a Buy, a Sell, or Fairly Valued? - Morningstar",Google News
2025-02-10 08:00:00,Microsoft Stock: Analyst Estimates & Ratings - Nasdaq,Google News
2025-01-27 08:00:00,"If You Invested $10,000 In Microsoft Stock 10 Years Ago, How Much Would You Have Now? - Yahoo Finance",Google News
2025-02-28 08:00:00,Is Microsoft Stock Underperforming the Technology Sector? - Nasdaq,Google News
2025-03-14 07:00:00,Microsoft Stock May Have Bottomed - Shorting Puts May Be A Good Play - Barchart.com,Google News
2025-04-04 20:16:43,"Tariffs are tanking tech stocks, so why is Microsoft escaping the worst of the bloodbath? - MSN",Google News
2025-01-30 08:00:00,Microsoft stock slumps more than 6% on disappointing revenue outlook - CNBC,Google News
2025-01-29 08:00:00,Microsoft Tops Quarterly Targets On Surging AI Business. But Stock Falls. - Investor's Business Daily,Google News
2025-04-03 13:31:53,"Microsoft Hits Pause on Data Centers, Raising AI Demand Questions and Stock Market Concerns - TipRanks",Google News
2025-01-30 08:00:00,Microsoft Stock Remains Volatile After Earnings; Is MSFT A Buy Or Sell In January? - Investor's Business Daily,Google News
2025-01-30 08:00:00,Here’s why Microsoft’s stock got pummeled after it beat revenue and profit forecasts - Fortune,Google News
2025-03-12 07:00:00,"‘Stay Long and Strong,’ Says Top Analyst About Microsoft Stock - TipRanks",Google News
2025-03-14 07:00:00,"Microsoft, Ferrari, and Other High Quality Stocks to Weather the Market Selloff - Barron's",Google News
2025-02-25 23:37:12,"Veteran analyst sounds alarm on Amazon, Microsoft stock - TheStreet",Google News
2025-01-30 08:00:00,Microsoft Earnings: Solid Quarter as AI Growth Shines - Morningstar,Google News
2025-03-19 17:23:23,Is Microsoft Stock a Good Investment for 2025? Experts Weigh In - MSN,Google News
2025-01-27 08:00:00,Why Microsoft (MSFT) Stock Is Nosediving - Yahoo Finance,Google News
2025-04-02 11:15:00,"How Much Further Can the ""Magnificent Seven"" Fall? Here's What History Suggests. - The Motley Fool",Google News
2025-01-30 08:00:00,Microsoft Stock’s Having Its Worst Day Since 2022. Analysts See Hope. - Barron's,Google News
2025-01-30 08:00:00,Microsoft Stock Slumps as Azure 'Execution Issues' Make Analysts Wary - Investopedia,Google News
2025-03-15 07:00:00,"1 Super Stock That Could Join Nvidia, Apple, Microsoft, Alphabet, Amazon, and Meta in the $1 Trillion Club - The Motley Fool",Google News
2025-01-10 08:00:00,Increased Fund Ownership Could Boost Microsoft's Stock - ETF Trends,Google News
2025-03-11 07:00:00,Nasdaq Sell-Off: You Won't Believe What Stock Is Near a 52-Week Low - Yahoo Finance,Google News
2025-01-22 08:00:00,Why Microsoft Stock Is Jumping Today - Yahoo Finance,Google News
2025-03-19 17:00:41,Is Microsoft Stock a Good Investment for 2025? Experts Weigh In - Yahoo,Google News
2025-04-06 13:35:00,AI Stocks Face 'Show Me' Moment. Next Phase In AI Model Battle Underway. - Investor's Business Daily,Google News
2025-03-19 07:00:00,Is Microsoft Corporation (MSFT) a Stock That Members of Congress Own? - Yahoo Finance,Google News
2025-03-12 14:36:00,"MSSP Market Update: Druva, MSFT Team up for Cloud, Data Security - MSSP Alert",Google News
2025-03-21 07:00:00,Microsoft rallies in last 10 minutes of trading to avoid first eight-week losing streak since 2008 - CNBC,Google News
2025-04-01 17:28:00,Magnificent Seven Stocks: Apple Still King As Nvidia Stays Rattled. Tesla Holds This Edge. - Investor's Business Daily,Google News
2025-01-13 08:00:00,Microsoft (MSFT) Stock Falls Amid Market Uptick: What Investors Need to Know - Yahoo Finance,Google News
2025-03-21 07:00:00,Microsoft Stock (MSFT) Narrowly Avoids Eight-Week Losing Streak - markets.businessinsider.com,Google News
2025-01-30 08:00:00,Why Microsoft (MSFT) Shares Are Trading Lower Today - Yahoo Finance,Google News
2025-04-03 22:00:41,Here's How Much $1000 Invested In Microsoft 20 Years Ago Would Be Worth Today - Microsoft (NASDAQ:MSFT) - Benzinga,Google News
2025-03-18 07:00:00,Adobe and Microsoft Empower Marketers with AI Agents in Microsoft 365 Copilot - Adobe Newsroom,Google News
2025-02-18 08:00:00,Here’s Why Microsoft (MSFT) Stock Returned 13% in Q4 - Yahoo Finance,Google News
2025-03-12 07:00:00,"GOOGL, MSFT: 2 High-Potential Tech Stocks to Consider amid Market Dip - TipRanks",Google News
2025-01-21 08:00:00,Microsoft (MSFT) Stock Drops Despite Market Gains: Important Facts to Note - Yahoo Finance,Google News
2024-12-30 08:00:00,Microsoft (MSFT) Suffers a Larger Drop Than the General Market: Key Insights - Yahoo Finance,Google News
2025-02-17 08:00:00,Is Microsoft (MSFT) the Most Profitable Tech Stock to Buy Now? - Yahoo Finance,Google News
2025-01-06 08:00:00,Why Microsoft (MSFT) Outpaced the Stock Market Today - Yahoo Finance,Google News
2025-03-02 08:00:00,Microsoft Corporation (MSFT): Ranked 2nd Best “Couch Potato Stock Portfolio” Stock To Buy - Yahoo Finance,Google News
2025-02-04 08:00:00,Cloud Slowdown Cannot Tame Microsoft (MSFT) Stock Bulls - Yahoo Finance,Google News
2025-02-02 08:00:00,Is Microsoft (MSFT) the Best Defensive Stock to Buy Right Now? - Yahoo Finance,Google News
2024-12-11 08:00:00,Microsoft (MSFT) Outpaces Stock Market Gains: What You Should Know - Yahoo Finance,Google News
2025-01-29 08:00:00,Microsoft stock falls almost 5% after modest Azure growth - Yahoo Finance,Google News
2025-01-07 08:00:00,Is Weakness In Microsoft Corporation (NASDAQ:MSFT) Stock A Sign That The Market Could be Wrong Given Its Strong Financial Prospects? - Yahoo Finance,Google News
2025-04-01 14:02:30,Is it the Right Time to Invest in Microsoft Stock as Copilot+ Grows? - Zacks Investment Research,Google News
2024-11-29 08:00:00,Why Microsoft Corporation (MSFT) Stock Is a Buy for the Next 3 Months? - Yahoo Finance,Google News
2024-12-23 08:00:00,Microsoft (MSFT) Stock Declines While Market Improves: Some Information for Investors - Yahoo Finance,Google News
2025-01-29 08:00:00,What Analysts Think of Microsoft Stock Ahead of Earnings - Investopedia,Google News
2025-02-12 08:00:00,Microsoft (MSFT): AI & Cloud Innovations Secure Market Leadership - Yahoo Finance,Google News
2025-01-28 08:00:00,Is Microsoft (MSFT) the Best American Stock to Buy and Hold in 2025? - Yahoo Finance,Google News
2025-04-04 10:11:36,Microsoft rethinks AI data centre strategy amid market shifts - Digital Watch Observatory,Google News
2025-04-07 09:10:00,"Microsoft venture Wicresoft to halt China operations, cutting 2,000 jobs: report - The Business Times",Google News
2025-04-04 06:44:30,Microsoft turns 50: Will AI make it even more powerful? - dw.com,Google News
2024-12-04 08:00:00,MarS: A unified financial market simulation engine in the era of generative foundation models - Microsoft,Google News
2025-04-04 22:42:13,Microsoft's AI outlook faces noise: An isolated case or a market reflection? - digitimes,Google News
2025-04-04 15:46:02,From Gates to Nadella: 50 Years of Microsoft Through 4 Visionary Leaders - observer.com,Google News
2025-03-25 07:00:00,"Operating systems market share of desktop PCs 2013-2025, by month - Statista",Google News
2025-04-04 13:32:00,"Windows 11 poised to beat 10, mostly because it has to - theregister.com",Google News
2025-04-04 21:40:25,Microsoft Marks 50 Years By Upgrading Copilot's AI Features - Finimize,Google News
2025-04-03 12:53:00,"Donald Trump tariff: $760 billion wiped out from market cap of Apple, Google, Microsoft, Amazon, Tesla, F - Times of India",Google News
2025-03-31 10:00:00,Microsoft turns 50 as the world’s second largest company—trying not to fall behind on AI - Fortune,Google News
2025-03-05 08:00:00,Estée Lauder uses AI to reimagine trend forecasting and consumer marketing. The results are beautiful. - Source - Microsoft,Google News
2025-04-02 16:27:40,How Microsoft and Pearpop are redefining creator marketing with AI and cultural moments - Ad Age,Google News
2025-04-03 14:36:00,Dooap Accounts Payable Automation Now Available in Microsoft Azure Marketplace - PR Newswire,Google News
2025-01-30 17:41:04,AI Marketing Tools with Copilot - Microsoft,Google News
2025-04-04 13:15:12,Today in Apple history: Apple frenemy Microsoft is born 50 years ago - Cult of Mac,Google News
2025-02-11 08:00:00,Scale your startup with the Microsoft commercial marketplace - Microsoft,Google News
2024-08-21 07:00:00,Microsoft again ranked number one in modern endpoint security market share - Microsoft,Google News
2025-04-04 15:13:52,Microsoft @ 50: 10 key things to know about the Redmond-based IT giant - Deccan Herald,Google News
2024-09-28 07:00:00,KT Corporation and Microsoft take ‘giant step’ to accelerate AI innovation in Korea - Stories - Microsoft,Google News
2025-03-03 08:00:00,Microsoft partners are shaping the future of healthcare with Microsoft Dragon Copilot - Microsoft,Google News
2025-03-10 07:00:00,How real-world businesses are transforming with AI — with more than 140 new stories - The Official Microsoft Blog,Google News
2025-04-02 13:39:21,SoftBank reportedly took on debt to fund OpenAI’s $40B round - Windows Central,Google News
2025-02-27 08:00:00,Amazon and Microsoft Stay Ahead in Global Cloud Market - Statista,Google News
2025-01-16 08:00:00,How CMOs can personalize marketing and optimize spend with AI - Microsoft,Google News
2024-12-17 08:00:00,From mindset to market: Driving AI innovation and sustainability in mining - Microsoft,Google News
2024-12-05 08:00:00,Unveiling the future of AI innovation for ISVs - Microsoft Azure,Google News
2024-12-02 08:00:00,Optimize your email marketing campaigns with advanced analytics features - Microsoft,Google News
2025-02-13 08:00:00,"AWS, Microsoft, Google Fight For $90B Q4 2024 Cloud Market Share - CRN Magazine",Google News
2024-10-28 07:00:00,Harnessing AI to supercharge personalized marketing at scale - Microsoft,Google News
2025-02-27 08:00:00,Digitally transforming Microsoft: Our IT journey - Microsoft,Google News
2024-11-19 08:00:00,Adobe and Microsoft strengthen partnership to empower marketing teams and accelerate business outcomes - Adobe,Google News
2025-01-30 08:00:00,Accelerate employee AI skilling: Insights from Microsoft - Microsoft,Google News
2025-01-28 08:00:00,"Microsoft, AWS Could Face U.K. Watchdog Probe Into Cloud Services Market - WSJ",Google News
2025-03-28 07:00:00,"Microsoft Hits Pause, CoreWeave Retreats: What It Means for AI Data Center Growth and Hyperscalers - Data Center Frontier",Google News
2025-02-01 22:56:21,RSA maximizes cloud efficiency and cost savings with Microsoft commercial marketplace - Microsoft,Google News
2024-11-11 08:00:00,JATO Dynamics uses Azure to revolutionize automotive sales - Microsoft,Google News
2025-03-31 09:00:00,Microsoft is turning 50. Is it ready for the next technological frontier? - Quartz,Google News
2024-11-12 08:00:00,IDC’s 2024 AI opportunity study: Top five AI trends to watch - The Official Microsoft Blog,Google News
2024-12-12 08:00:00,Nvidia Stock Falls. Microsoft’s Market Value Overtakes the Chip Maker. - Barron's,Google News
2024-12-17 08:00:00,5 key marketing tips for early-stage business startup founders - Microsoft,Google News
2024-10-21 11:33:04,AI Is Already Changing Work—Microsoft Included - Microsoft,Google News
2024-12-04 08:00:00,Sustainable by design: Advancing low carbon materials - Microsoft,Google News
2024-10-23 07:00:00,Microsoft named a Leader in 2024 Gartner® Magic Quadrant™ for Enterprise Low-Code Application Platforms - Microsoft,Google News
2024-10-16 07:00:00,What Microsoft’s financial disclosures reveal about Azure’s market position - SiliconANGLE,Google News
2024-12-02 08:00:00,"Bitcoin Could Add $5 Trillion to Microsoft's Market Cap, Said Microstrategy's Saylor - Yahoo Finance",Google News
2024-10-30 07:00:00,Dynamics 365 Customer Insights - Microsoft,Google News
2025-02-17 08:00:00,"Amazon, Exxon, Microsoft launch initiative to push stricter carbon market standards - Data Center Dynamics",Google News
2025-02-14 08:00:00,"Amazon, ExxonMobil, And Microsoft Team Up To Strengthen Voluntary Carbon Market - Carbon Herald",Google News
2025-03-28 13:19:55,Microsoft Marketing Strategy (2025) - Business Model Analyst,Google News
2025-02-18 08:00:00,Cegeka Launches Microsoft Dynamics Practice for Americas Pharmaceutical and Life Sciences Market - Business Wire,Google News
2024-10-17 07:00:00,Opinion The government must protect consumers from Microsoft’s market dominance - CT Mirror,Google News
2025-03-10 07:00:00,Most valuable companies 2024 - Statista,Google News
2024-08-22 07:00:00,Microsoft at IBC2024: Reimagining media with AI - Microsoft,Google News
2025-02-27 08:00:00,Office productivity software market share worldwide 2025 - Statista,Google News
2025-01-07 08:00:00,CES 2025: Advancing the future of automotive and mobility - Microsoft,Google News
2024-11-20 08:00:00,As real as it gets: Pilots lend their expertise to the most authentic flight sim on the market - Source - Microsoft,Google News
2024-09-16 07:00:00,Finastra’s Copilot revolution: How AI is reshaping B2B software marketing for the financial services sector - Microsoft,Google News
2024-11-20 08:00:00,CB Insights to Add Market Intelligence to Microsoft 365 Copilot - Business Wire,Google News
2025-01-02 08:00:00,Microsoft’s Big Contact Center Push? 2025 Seems Set to Be the Year - CX Today,Google News
2024-10-07 07:00:00,Nvidia Overtakes Microsoft as World's Second-Largest Company by Market Cap - Investopedia,Google News
2024-12-02 08:00:00,Microsoft is a Leader in the 2024 Gartner® Magic Quadrant™ - Microsoft Dynamics 365 Blog - Microsoft,Google News
2025-02-21 08:00:00,$862.14 Bn Artificial Intelligence (AI) Software Market - GlobeNewswire,Google News
2024-08-20 07:00:00,Microsoft's dominant 21st century offers a key lesson for stock market investors: Morning Brief - Yahoo Finance,Google News
2024-09-24 11:44:44,Microsoft announces $1.3 billion USD investment in Cloud and AI infrastructure supporting inclusive growth through technology and skilling programs in Mexico - Microsoft,Google News
2024-10-10 07:00:00,PPL to advance London market digital placing with new trading hub built on Microsoft tech - Microsoft UK Stories,Google News
2024-10-03 07:00:00,Microsoft recognized as a Leader in the 2024 Gartner® Magic Quadrant™ for Desktop as a Service | Microsoft 365 Blog - Microsoft,Google News
2024-12-02 08:00:00,"Sony, Microsoft, and Nintendo set to clash in handheld gaming market - eMarketer",Google News
2024-12-05 08:00:00,Microsoft Ignite 2024 wrap up: Highlights and resources - Microsoft,Google News
2025-02-27 08:00:00,Tavant's Enhanced TMAP Now Available in the Microsoft Azure Marketplace - Business Wire,Google News
2025-02-26 08:00:00,Vendor market share in cloud infrastructure services market worldwide 2017-2024 - Statista,Google News
2024-10-24 07:00:00,"The Race to a $4 Trillion Market Cap: Apple, Nvidia, or Microsoft - The Motley Fool",Google News
2024-11-13 08:00:00,Microsoft Copilot Sees Solid Market Share Gain: How to Play the Stock - Yahoo Finance,Google News
2024-10-17 07:00:00,AI in Marketing & PR: How Professionals Are Reimagining Communication with Technology - Microsoft,Google News
2025-01-29 08:00:00,"Stock-Market News, Jan. 29, 2025: Meta, Microsoft, Tesla Earnings Out; Interest-Rate Cuts Paused - WSJ",Google News
2025-03-06 08:00:00,Microsoft’s Veeam partnership signals data resiliency market shift - Network World,Google News
2024-12-10 18:38:17,Lucky Gani - Microsoft,Google News
2025-03-31 07:45:26,"Microsoft Pulls Back on Data Centers, Raising Market Concerns - VoIP Review",Google News
2024-09-30 07:00:00,Unlock the AI and SaaS opportunity in partnership with Microsoft - Microsoft Industry Blogs - United Kingdom - Microsoft,Google News
2024-10-08 07:00:00,Forbes Daily: Nvidia Overtakes Microsoft Market Cap As Stock Rallies - Forbes,Google News
2025-04-03 13:50:31,"Microsoft AI Boardroom 2025: Ushering in the new era of Banking, Financial Services and Insurance (BFSI) with AI - Microsoft",Google News
2025-04-01 12:45:00,Tech Sell-Off Makes Microsoft Stock Look Like a Steal - Entrepreneur,Google News
2025-04-04 19:37:23,"Tariffs are tanking tech stocks, so why is Microsoft escaping the worst of the bloodbath? - Yahoo Finance",Google News
2025-04-02 13:09:00,"The Zacks Analyst Blog Highlights Microsoft, Alphabet, Nvidia and Amazon - Yahoo Finance",Google News
2025-03-21 07:00:00,Microsoft price target raised to $595 from $550 at Tigress Financial - Yahoo Finance,Google News
2025-04-03 16:41:00,Microsoft could be reassessing its AI plans while pulling back on data centers - Yahoo Finance,Google News
2025-04-07 11:50:01,Home Depot nominates Microsoft VP for board position - Investing.com,Google News
2025-03-23 07:00:00,Microsoft (MSFT) Partners with Inait to Drive AI Innovation in Finance and Robotics - Yahoo Finance,Google News
2025-01-29 08:00:00,Microsoft stock price dips despite strong earnings amid AI growth challenges SiliconANGLE - SiliconANGLE,Google News
2025-03-17 07:00:00,Microsoft teams up with AI start-up to simulate brain reasoning - Financial Times,Google News
2025-01-30 08:00:00,Microsoft Corp (MSFT) Q2 2025 Earnings Call Highlights: Record Cloud Revenue and AI Growth ... - Yahoo Finance,Google News
2025-01-30 08:00:00,Microsoft’s Earnings Beat Estimates. Why the Stock Is Dropping. - Barron's,Google News
2025-01-13 08:00:00,Is Microsoft Corp. (MSFT) the Best NASDAQ Stock to Buy in 2025? - Yahoo Finance,Google News
2025-01-29 08:00:00,Microsoft's stock drops as cloud growth underwhelms - MarketWatch,Google News
2025-03-13 07:00:00,Analyst overhauls Microsoft stock price target amid potential AI pivot - Yahoo Finance,Google News
2025-02-03 08:00:00,"Microsoft Cloud Hits Capacity Wall: Buy, Sell or Hold MSFT Stock? - Yahoo Finance",Google News
2025-01-29 08:00:00,"Microsoft shares slide as cloud forecast, AI spending disappoint - Yahoo Finance",Google News
2025-03-20 07:00:00,"Microsoft to Launch First Cloud Region in Malaysia, Projected to Generate $10.9 Billion in Revenue - Yahoo Finance",Google News
2025-02-04 08:00:00,AI agents may cause some finance jobs to ‘disappear’: Microsoft exec - CFO Dive,Google News
2025-03-02 08:00:00,Microsoft Corporation (MSFT): Among the Best Stocks to Buy According to Lone Pine Capital - Yahoo Finance,Google News
2025-02-09 08:00:00,Is Microsoft (MSFT) the Best Long-term Stock to Invest In for High Returns? - Yahoo Finance,Google News
2025-02-13 08:00:00,Microsoft Corporation (MSFT): Among Lee Munder Capital Group’s Top Stock Picks - Yahoo Finance,Google News
2024-11-13 08:00:00,Beyond Money20/20 USA: Microsoft partners redefining financial services - Microsoft,Google News
2025-01-22 08:00:00,Why MSFT Stock Is Climbing Today - Yahoo Finance,Google News
2025-03-21 07:00:00,How Microsoft went from generative AI leader to laggard and what to do with the stock - CNBC,Google News
2025-01-27 08:00:00,Microsoft Corporation (MSFT): Strong AI-Driven Revenue Growth Expected in Upcoming Quarterly Report - Yahoo Finance,Google News
2025-02-23 08:00:00,Is Microsoft Corporation (MSFT) the Top Stock to Buy According to Sustainable Insight Capital Management? - Yahoo Finance,Google News
2025-03-04 08:00:00,Microsoft's AI Bet Is Cracking--Stock Down 18% as Investors Lose Patience - Yahoo Finance,Google News
2025-02-01 08:00:00,Is Microsoft Corporation (MSFT) the Best Stock for Beginners With Little Money? - Yahoo Finance,Google News
2024-10-30 07:00:00,Microsoft dips on weak guidance after beating on earnings - CNBC,Google News
2024-07-30 07:00:00,Microsoft Cloud strength drives fourth quarter results - Microsoft,Google News
2025-02-14 08:00:00,Is Microsoft (MSFT) the Best Esports Stock to Buy Now? - Yahoo Finance,Google News
2025-01-29 08:00:00,Why Microsoft (MSFT) Is the Best Stock to Buy in 2025 for Beginners - Yahoo Finance,Google News
2025-01-30 08:00:00,Microsoft AI Sales Growth Limited By Capacity Constraints - Investor's Business Daily,Google News
2025-01-28 08:00:00,Is Microsoft Corporation (MSFT) the Safe Stock to Buy for the Long Term in 2025? - Yahoo Finance,Google News
2025-02-06 08:00:00,Microsoft Corporation (MSFT): Analysts See Long-Term Opportunity Despite Cloud Revenue Concerns - Yahoo Finance,Google News
2025-02-26 08:00:00,Massive News for Nvidia Stock and Microsoft Stock Investors! - Nasdaq,Google News
2024-10-17 07:00:00,Microsoft Stock Earnings: Is It A Buy Before Or After Reporting? - Forbes,Google News
2025-02-05 08:00:00,Microsoft Corporation (MSFT) Receives Buy Rating as AI and Cloud Growth Drive Strong Revenue Outlook - Yahoo Finance,Google News
